Workbook

Sheet Kilavuz
B1: MERALOJİ — SAHA GÖZLEMİ VERİ DEFTERİ
B2: Videolardan çıkarılan av kayıtları. Amaç: motorun skorlarını gerçek avla karşılaştırmak.
B4: NASIL DOLDURULUR
B6: Nereden başlarım | C6: 'Gozlemler' sayfasına gidin. 2-5. satırlar TURUNCU örnektir — silin veya bırakın, işlenmez. Siz 6. satırdan yazmaya başlayın.
B8: Sarı hücreler | C8: Zorunlu. Boş kalırsa kayıt kullanılamaz.
B9: Beyaz hücreler | C9: Opsiyonel. Video söylüyorsa yazın, söylemiyorsa BOŞ bırakın.
B10: Yeşil hücre (kontrol) | C10: Otomatik doldurulur, siz dokunmayın. Satırda eksik varsa uyarır.
B12: Tahmin etmeyin | C12: Emin olmadığınız hiçbir alanı doldurmayın. Boş hücre zararsızdır; yanlış hücre modeli bozar. Özellikle 'tur_anahtari' için: eşleştiremiyorsanız boş bırakın, 'not' kolonuna videodaki adı yazın — eşleştirmeyi ben yaparım.
B15: GİRMENİZE GEREK OLMAYANLAR
B17: Hava/deniz koşulları | C17: Su sıcaklığı, dalga, rüzgâr, basınç, akıntı, ay evresi, gelgit — HİÇBİRİNİ girmeyin. Tarih ve konumdan otomatik çekilecek.
B18: Derinlik ve zemin | C18: Girmeyin. Koordinattan otomatik gelecek.
B19: Skorlar | C19: Girmeyin. Motor kendisi hesaplayacak.
B22: EN ÖNEMLİ ÜÇ KOLON
B24: sonuc = hic_cikmadi | C24: 'Geldik bir şey alamadan döndük' diyen videolar EN DEĞERLİ kayıtlardır. Bir tür yakalandığını öğrenmek, hiçbir şey yakalanmadığını öğrenmekten daha az bilgi taşır. Böyle bir video görürseniz mutlaka kaydedin: tek satır açın, tür kolonlarını boş bırakın.
B27: tam_liste | C27: Video avın TAMAMINI mı gösterdi, yoksa sadece güzel anları mı? Sadece 'evet' olan gezilerde 'şu tür vardı ama tutulmadı' çıkarımı yapılabilir. Montaj videolarında tutulmayan tür bilgisi yanıltıcıdır — küçük balığı göstermemiş olabilirler.
B30: yontem | C30: Hangi takımla avlandıklarını mutlaka işaretleyin. Dip takımıyla oturan birinin ahtapot tutmaması bilgi değildir — zaten denemiyordu. Ama mırmır tutmaması gerçek bilgidir. Bu ayrımı 'yontem' kolonu sağlar.
B33: GEZİ_ID MANTIĞI
B35: Aynı gezi | C35: Aynı yerde, aynı gün, aynı seansta yakalanan HER TÜR aynı gezi_id'yi alır. Örnek satırlarda 3 tür de gezi 1'de.
B36: Ayrı gezi | C36: Gündüz ve gece ayrı avlanılmışsa AYRI gezidir. Aynı videoda iki farklı gün varsa AYRI gezidir. Yer değiştiyse AYRI gezidir.
B37: Neden önemli | C37: Model, aynı gezideki türleri birbiriyle karşılaştıracak. Ustalık, yem ve hava aynı gezide sabit olduğu için karşılaştırma bunları eler. Gezi ayrımı yanlışsa bu iptal etme çalışmaz.
B40: İLERLEME
B42: Toplam satır | C42: Girilen kayıt satırı sayısı | D42: =COUNTA(Gozlemler!A6:A205)
B43: Farklı gezi | C43: En büyük gezi_id — sırayla numaralandırdığınız sürece gezi sayısı | D43: =IF(COUNTA(Gozlemler!A6:A205)=0,0,MAX(Gozlemler!A6:A205))
B44: Pozitif kayıt | C44: sonuc = tutuldu | D44: =COUNTIF(Gozlemler!K6:K205,"tutuldu")
B45: Negatif kayıt | C45: sonuc = hic_cikmadi (altın standart) | D45: =COUNTIF(Gozlemler!K6:K205,"hic_cikmadi")
B46: Tam listeli gezi | C46: tam_liste = evet (negatif çıkarımına uygun) | D46: =COUNTIF(Gozlemler!R6:R205,"evet")
B47: Eşleşmemiş tür | C47: tur_video dolu ama tur_anahtari boş — benim çözmem gerekenler | D47: =SUMPRODUCT((Gozlemler!L6:L205<>"")*(Gozlemler!M6:M205=""))
B48: Eksik satır | C48: kontrol kolonu uyarı veren satırlar | D48: =COUNTIF(Gozlemler!U6:U205,"eksik*")
B50: Hedef | C50: 50 gezi → parametre kalibrasyonu başlar. 100+ gezi → model kurulabilir.
B53: TÜRLER SAYFASI
B55: Ne işe yarar | C55: Veritabanındaki 76 Türkiye türü. 'tur_anahtari' kolonundaki açılır liste buradan besleniyor.
B56: Nasıl kullanılır | C56: Videodaki adı bulamıyorsanız 'ad' veya 'latince' kolonunda arayın. Takım ve yem kolonları, hangi türün hangi yöntemle tutulabileceğini gösterir.
B57: Listede yoksa | C57: Tür veritabanında olmayabilir (trakonya böyle bulunmuştu). tur_anahtari'ni boş bırakın, 'not' kolonuna yazın.

Sheet Gozlemler
A1: gezi_id | B1: video_url | C1: tarih | D1: tarih_kesinlik | E1: yer_adi | F1: enlem | G1: boylam | H1: konum_kesinlik | I1: zaman | J1: saat | K1: sonuc | L1: tur_video | M1: tur_anahtari | N1: adet | O1: boy_cm | P1: yontem | Q1: yem | R1: tam_liste | S1: guven | T1: not | U1: kontrol
A2: 1 | B2: https://youtube.com/watch?v=ORNEK1 | C2: 2026-07-07 | D2: gun | E2: Didim | F2: 37.34 | G2: 27.25 | H2: mevki | I2: gece | J2: 22:00 | K2: tutuldu | L2: çupra | M2: cipura | N2: 2 | O2: 28 | P2: kiyi_dip | Q2: kurt | R2: evet | S2: 3 | T2: Aynı avda 3 tür çıktı → üçü de gezi_id 1
A3: 1 | B3: https://youtube.com/watch?v=ORNEK1 | C3: 2026-07-07 | D3: gun | E3: Didim | F3: 37.34 | G3: 27.25 | H3: mevki | I3: gece | J3: 22:00 | K3: tutuldu | L3: ısparoz | M3: isparoz | N3: 5 | O3: 15 | P3: kiyi_dip | Q3: kurt | R3: evet | S3: 3
A4: 1 | B4: https://youtube.com/watch?v=ORNEK1 | C4: 2026-07-07 | D4: gun | E4: Didim | F4: 37.34 | G4: 27.25 | H4: mevki | I4: gece | J4: 22:00 | K4: tutuldu | L4: trakonya | M4: trakonya | N4: 1 | O4: 20 | P4: kiyi_dip | Q4: kurt | R4: evet | S4: 3 | T4: Zehirli — videoda uyarı yapıldı
A5: 2 | B5: https://youtube.com/watch?v=ORNEK2 | C5: 2026-07-12 | D5: hafta | E5: Foça | H5: ilce | I5: safak | K5: hic_cikmadi | P5: kiyi_spin | Q5: silikon | R5: evet | S5: 2 | T5: 3 saat attılar, hiçbir şey çıkmadı → EN DEĞERLİ kayıt tipi
U6: =IF(COUNTA(A6:T6)=0,"",IF(COUNTBLANK(A6)+COUNTBLANK(B6)+COUNTBLANK(C6)+COUNTBLANK(D6)+COUNTBLANK(E6)+COUNTBLANK(H6)+COUNTBLANK(I6)+COUNTBLANK(K6)+COUNTBLANK(P6)+COUNTBLANK(R6)+COUNTBLANK(S6)>0,"eksik zorunlu alan var",IF(AND(K6="tutuldu",COUNTBLANK(L6)>0),"tur_video bos",IF(AND(K6="hic_cikmadi",COUNTBLANK(L6)=0),"hic_cikmadi ama tur yazili",IF(AND(R6="evet",K6="tutuldu"),"TAMAM - negatif cikarimina uygun","TAMAM")))))
U7: =IF(COUNTA(A7:T7)=0,"",IF(COUNTBLANK(A7)+COUNTBLANK(B7)+COUNTBLANK(C7)+COUNTBLANK(D7)+COUNTBLANK(E7)+COUNTBLANK(H7)+COUNTBLANK(I7)+COUNTBLANK(K7)+COUNTBLANK(P7)+COUNTBLANK(R7)+COUNTBLANK(S7)>0,"eksik zorunlu alan var",IF(AND(K7="tutuldu",COUNTBLANK(L7)>0),"tur_video bos",IF(AND(K7="hic_cikmadi",COUNTBLANK(L7)=0),"hic_cikmadi ama tur yazili",IF(AND(R7="evet",K7="tutuldu"),"TAMAM - negatif cikarimina uygun","TAMAM")))))
U8: =IF(COUNTA(A8:T8)=0,"",IF(COUNTBLANK(A8)+COUNTBLANK(B8)+COUNTBLANK(C8)+COUNTBLANK(D8)+COUNTBLANK(E8)+COUNTBLANK(H8)+COUNTBLANK(I8)+COUNTBLANK(K8)+COUNTBLANK(P8)+COUNTBLANK(R8)+COUNTBLANK(S8)>0,"eksik zorunlu alan var",IF(AND(K8="tutuldu",COUNTBLANK(L8)>0),"tur_video bos",IF(AND(K8="hic_cikmadi",COUNTBLANK(L8)=0),"hic_cikmadi ama tur yazili",IF(AND(R8="evet",K8="tutuldu"),"TAMAM - negatif cikarimina uygun","TAMAM")))))
U9: =IF(COUNTA(A9:T9)=0,"",IF(COUNTBLANK(A9)+COUNTBLANK(B9)+COUNTBLANK(C9)+COUNTBLANK(D9)+COUNTBLANK(E9)+COUNTBLANK(H9)+COUNTBLANK(I9)+COUNTBLANK(K9)+COUNTBLANK(P9)+COUNTBLANK(R9)+COUNTBLANK(S9)>0,"eksik zorunlu alan var",IF(AND(K9="tutuldu",COUNTBLANK(L9)>0),"tur_video bos",IF(AND(K9="hic_cikmadi",COUNTBLANK(L9)=0),"hic_cikmadi ama tur yazili",IF(AND(R9="evet",K9="tutuldu"),"TAMAM - negatif cikarimina uygun","TAMAM")))))
U10: =IF(COUNTA(A10:T10)=0,"",IF(COUNTBLANK(A10)+COUNTBLANK(B10)+COUNTBLANK(C10)+COUNTBLANK(D10)+COUNTBLANK(E10)+COUNTBLANK(H10)+COUNTBLANK(I10)+COUNTBLANK(K10)+COUNTBLANK(P10)+COUNTBLANK(R10)+COUNTBLANK(S10)>0,"eksik zorunlu alan var",IF(AND(K10="tutuldu",COUNTBLANK(L10)>0),"tur_video bos",IF(AND(K10="hic_cikmadi",COUNTBLANK(L10)=0),"hic_cikmadi ama tur yazili",IF(AND(R10="evet",K10="tutuldu"),"TAMAM - negatif cikarimina uygun","TAMAM")))))
U11: =IF(COUNTA(A11:T11)=0,"",IF(COUNTBLANK(A11)+COUNTBLANK(B11)+COUNTBLANK(C11)+COUNTBLANK(D11)+COUNTBLANK(E11)+COUNTBLANK(H11)+COUNTBLANK(I11)+COUNTBLANK(K11)+COUNTBLANK(P11)+COUNTBLANK(R11)+COUNTBLANK(S11)>0,"eksik zorunlu alan var",IF(AND(K11="tutuldu",COUNTBLANK(L11)>0),"tur_video bos",IF(AND(K11="hic_cikmadi",COUNTBLANK(L11)=0),"hic_cikmadi ama tur yazili",IF(AND(R11="evet",K11="tutuldu"),"TAMAM - negatif cikarimina uygun","TAMAM")))))
U12: =IF(COUNTA(A12:T12)=0,"",IF(COUNTBLANK(A12)+COUNTBLANK(B12)+COUNTBLANK(C12)+COUNTBLANK(D12)+COUNTBLANK(E12)+COUNTBLANK(H12)+COUNTBLANK(I12)+COUNTBLANK(K12)+COUNTBLANK(P12)+COUNTBLANK(R12)+COUNTBLANK(S12)>0,"eksik zorunlu alan var",IF(AND(K12="tutuldu",COUNTBLANK(L12)>0),"tur_video bos",IF(AND(K12="hic_cikmadi",COUNTBLANK(L12)=0),"hic_cikmadi ama tur yazili",IF(AND(R12="evet",K12="tutuldu"),"TAMAM - negatif cikarimina uygun","TAMAM")))))
U13: =IF(COUNTA(A13:T13)=0,"",IF(COUNTBLANK(A13)+COUNTBLANK(B13)+COUNTBLANK(C13)+COUNTBLANK(D13)+COUNTBLANK(E13)+COUNTBLANK(H13)+COUNTBLANK(I13)+COUNTBLANK(K13)+COUNTBLANK(P13)+COUNTBLANK(R13)+COUNTBLANK(S13)>0,"eksik zorunlu alan var",IF(AND(K13="tutuldu",COUNTBLANK(L13)>0),"tur_video bos",IF(AND(K13="hic_cikmadi",COUNTBLANK(L13)=0),"hic_cikmadi ama tur yazili",IF(AND(R13="evet",K13="tutuldu"),"TAMAM - negatif cikarimina uygun","TAMAM")))))
U14: =IF(COUNTA(A14:T14)=0,"",IF(COUNTBLANK(A14)+COUNTBLANK(B14)+COUNTBLANK(C14)+COUNTBLANK(D14)+COUNTBLANK(E14)+COUNTBLANK(H14)+COUNTBLANK(I14)+COUNTBLANK(K14)+COUNTBLANK(P14)+COUNTBLANK(R14)+COUNTBLANK(S14)>0,"eksik zorunlu alan var",IF(AND(K14="tutuldu",COUNTBLANK(L14)>0),"tur_video bos",IF(AND(K14="hic_cikmadi",COUNTBLANK(L14)=0),"hic_cikmadi ama tur yazili",IF(AND(R14="evet",K14="tutuldu"),"TAMAM - negatif cikarimina uygun","TAMAM")))))
U15: =IF(COUNTA(A15:T15)=0,"",IF(COUNTBLANK(A15)+COUNTBLANK(B15)+COUNTBLANK(C15)+COUNTBLANK(D15)+COUNTBLANK(E15)+COUNTBLANK(H15)+COUNTBLANK(I15)+COUNTBLANK(K15)+COUNTBLANK(P15)+COUNTBLANK(R15)+COUNTBLANK(S15)>0,"eksik zorunlu alan var",IF(AND(K15="tutuldu",COUNTBLANK(L15)>0),"tur_video bos",IF(AND(K15="hic_cikmadi",COUNTBLANK(L15)=0),"hic_cikmadi ama tur yazili",IF(AND(R15="evet",K15="tutuldu"),"TAMAM - negatif cikarimina uygun","TAMAM")))))
U16: =IF(COUNTA(A16:T16)=0,"",IF(COUNTBLANK(A16)+COUNTBLANK(B16)+COUNTBLANK(C16)+COUNTBLANK(D16)+COUNTBLANK(E16)+COUNTBLANK(H16)+COUNTBLANK(I16)+COUNTBLANK(K16)+COUNTBLANK(P16)+COUNTBLANK(R16)+COUNTBLANK(S16)>0,"eksik zorunlu alan var",IF(AND(K16="tutuldu",COUNTBLANK(L16)>0),"tur_video bos",IF(AND(K16="hic_cikmadi",COUNTBLANK(L16)=0),"hic_cikmadi ama tur yazili",IF(AND(R16="evet",K16="tutuldu"),"TAMAM - negatif cikarimina uygun","TAMAM")))))
U17: =IF(COUNTA(A17:T17)=0,"",IF(COUNTBLANK(A17)+COUNTBLANK(B17)+COUNTBLANK(C17)+COUNTBLANK(D17)+COUNTBLANK(E17)+COUNTBLANK(H17)+COUNTBLANK(I17)+COUNTBLANK(K17)+COUNTBLANK(P17)+COUNTBLANK(R17)+COUNTBLANK(S17)>0,"eksik zorunlu alan var",IF(AND(K17="tutuldu",COUNTBLANK(L17)>0),"tur_video bos",IF(AND(K17="hic_cikmadi",COUNTBLANK(L17)=0),"hic_cikmadi ama tur yazili",IF(AND(R17="evet",K17="tutuldu"),"TAMAM - negatif cikarimina uygun","TAMAM")))))
... U205: =IF(COUNTA(A205:T205)=0,"",IF(COUNTBLANK(A205)+COUNTBLANK(B205)+COUNTBLANK(C205)+COUNTBLANK(D205)+COUNTBLANK(E205)+COUNTBLANK(H205)+COUNTBLANK(I205)+COUNTBLANK(K205)+COUNTBLANK(P205)+COUNTBLANK(R205)+COUNTBLANK(S205)>0,"eksik zorunlu alan var",IF(AND(K205="tutuldu",COUNTBLANK(L205)>0),"tur_video bos",IF(AND(K205="hic_cikmadi",COUNTBLANK(L205)=0),"hic_cikmadi ama tur yazili",IF(AND(R205="evet",K205="tutuldu"),"TAMAM - negatif cikarimina uygun","TAMAM")))))

Sheet Turler
A1: anahtar | B1: ad | C1: latince | D1: kategori | E1: av_tarzi | F1: aktiflik | G1: derinlik_min | H1: derinlik_max | I1: sic_min | J1: sic_opt | K1: sic_max | L1: takim | M1: yem | N1: bolgeler
A2: ahtapot | B2: Ahtapot | C2: Octopus vulgaris | D2: KAFADANBACAKLI | E2: chemosensory | F2: DAWN_DUSK | G2: 1 | H2: 120 | I2: 10 | J2: 20 | K2: 27 | L2: Çarpmalı Zoka | M2: Yengeç, Tavuk But | N2: EGE+AKDENİZ+MARMARA
A3: akya | B3: Akya (Sarıkuyruk) | C3: Seriola dumerili | D3: PELAJIK | E3: visual | F3: DAY | G3: 10 | H3: 250 | I3: 15 | J3: 23 | K3: 29 | L3: Trolling, Jigging, Popping | M3: Canlı İstavrit, Sardalya | N3: EGE+AKDENİZ+MARMARA
A4: fangri | B4: Alyanak (Kırma Mercan) | C4: Pagellus erythrinus | D4: DIP_DERIN | E4: chemosensory | F4: DAY | G4: 20 | H4: 100 | I4: 12 | J4: 17 | K4: 23 | L4: Üçlü Dip Takımı | M4: Karides, Tavuk Göğsü, Kalamar | N4: EGE+AKDENİZ
A5: antenli_mercan | B5: Antenli Mercan | C5: Pagellus bogaraveo | D5: DIP_DERIN | E5: chemosensory | F5: DAY | G5: 50 | H5: 700 | I5: 7 | J5: 11 | K5: 16 | L5: Derin Su Dip Takımı | M5: Karides, Kurt, Kalamar | N5: EGE+AKDENİZ+MARMARA
A6: aslan_baligi | B6: Aslan Balığı | C6: Pterois miles | D6: İSTİLACI | E6: ambush | F6: CREPUSCULAR | G6: 2 | H6: 50 | I6: 18 | J6: 25 | K6: 30 | L6: LRF, Dip | M6: Karides, Küçük balık | N6: AKDENİZ+EGE
A7: aterin | B7: Aterin-Gümüş | C7: Atherina boyeri | D7: PELAJIK | E7: visual | F7: DAY | G7: 1 | H7: 30 | I7: 12 | J7: 20 | K7: 27 | L7: Çoklu İğne | M7: Ekmek İçi, Kurt | N7: EGE+AKDENİZ+MARMARA+KARADENİZ
A8: balon_baligi | B8: Balon Balığı | C8: Lagocephalus sceleratus | D8: İSTİLACI | E8: visual | F8: DAY | G8: 1 | H8: 60 | I8: 18 | J8: 26 | K8: 32 | L8: Dip | M8: Her yemi yer | N8: AKDENİZ+EGE
A9: barakuda | B9: Baraküda | C9: Sphyraena viridensis | D9: AVCI | E9: visual | F9: DAWN_DUSK | G9: 2 | H9: 40 | I9: 18 | J9: 24 | K9: 29 | L9: Spin | M9: Yapay tercih | N9: EGE+AKDENİZ
A10: barbun | B10: Barbun | C10: Mullus barbatus | D10: DIP_KIYI | E10: chemosensory | F10: DAY | G10: 5 | H10: 200 | I10: 8 | J10: 18 | K10: 25 | L10: Üçlü Dip Oltası | M10: Karides, Kurt, Midye, Tavuk Göğsü | N10: EGE+AKDENİZ+MARMARA+KARADENİZ
A11: caca | B11: Çaça | C11: Sprattus sprattus phalericus | D11: PELAJIK | E11: visual | F11: NIGHT | G11: 10 | H11: 100 | I11: 6 | J11: 12 | K11: 18 | L11: Çapari | M11: Yok | N11: KARADENİZ
A12: cinekop | B12: Çinekop | C12: Pomatomus saltatrix (juv.) | D12: PELAJIK | E12: visual | F12: CREPUSCULAR | G12: 2 | H12: 40 | I12: 14 | J12: 20 | K12: 26 | L12: Spin, Çapari | M12: Çaça, Hamsi | N12: MARMARA+KARADENİZ+EGE+AKDENİZ
A13: cipura | B13: Çipura | C13: Sparus aurata | D13: KIYI | E13: visual | F13: DAY | G13: 0 | H13: 150 | I13: 14 | J13: 20 | K13: 28 | L13: Hırsızlı Dip Takımı | M13: Canlı Mamun, Yengeç, Midye | N13: EGE+AKDENİZ+MARMARA
... A77: zargana | B77: Zargana | C77: Belone belone | D77: KIYI | E77: visual | F77: DAY | G77: 0 | H77: 40 | I77: 12 | J77: 18 | K77: 27 | L77: Şamandıralı Top, İpek | M77: Kurt, Fleto Balık | N77: EGE+AKDENİZ+MARMARA+KARADENİZ
